tag,liga,fecha_partido,kickoff_utc,local,visita,p_modelo_1,p_modelo_X,p_modelo_2,p_mercado_1,p_mercado_X,p_mercado_2,cuota_1,cuota_X,cuota_2,linea_ou,p_over_linea,p_btts,total_modelo,confianza,sellado_git,registrado
BAR-FEY,UCL,09/09/2026,2026-09-09 16:45,Barcelona,Feyenoord,85.3,10.2,4.5,88.1,7.3,4.5,1.08,13.0,21.0,4.5,30.7,48.6,3.67,6,no,2026-09-08
STU-VIK,UCL,09/09/2026,2026-09-09 16:45,Stuttgart,Viking FK,68.5,17.2,14.3,77.3,13.6,9.1,1.24,7.0,10.5,3.5,50.0,66.6,3.67,6,no,2026-09-08
LIV-ATM,UCL,09/09/2026,2026-09-09 19:00,Liverpool,Atlético Madrid,53.8,24.6,21.6,55.6,23.2,21.2,1.71,4.1,4.5,2.5,49.9,56.1,2.67,8,si,2026-09-08
NAP-ARS,UCL,09/09/2026,2026-09-09 19:00,Napoli,Arsenal,22.0,24.7,53.3,18.1,24.7,57.1,5.25,3.85,1.67,2.5,49.9,56.3,2.67,7,si,2026-09-08
PSG-SLO,UCL,09/09/2026,2026-09-09 19:00,Paris Saint-Germain,Slovan Bratislava,91.0,6.2,2.8,91.4,5.9,2.6,1.04,16.0,36.0,4.5,50.0,54.9,4.67,4,si,2026-09-08
SPO-GAL,UCL,09/09/2026,2026-09-09 19:00,Sporting CP,Galatasaray,57.2,23.8,19.0,53.2,24.0,22.8,1.8,4.0,4.2,2.5,49.9,54.7,2.67,8,si,2026-09-08
FEN-ROM,UCL,10/09/2026,2026-09-10 16:45,Fenerbahçe,Roma,37.5,26.5,36.1,28.9,26.8,44.3,3.3,3.55,2.15,2.5,49.9,59.4,2.67,7,si,2026-09-08
PSV-SHA,UCL,10/09/2026,2026-09-10 16:45,PSV Eindhoven,Shakhtar Donetsk,64.6,18.3,17.0,66.3,19.0,14.6,1.43,5.0,6.5,3.5,50.0,68.8,3.67,6,si,2026-09-08
COM-RBL,UCL,10/09/2026,2026-09-10 19:00,Como,RB Leipzig,47.0,21.7,31.4,51.0,24.2,24.8,1.87,3.95,3.85,3.5,50.0,74.2,3.67,6,si,2026-09-08
SLA-LEN,UCL,10/09/2026,2026-09-10 19:00,Slavia Praga,Lens,40.3,26.4,33.3,38.2,27.7,34.1,2.5,3.45,2.8,2.5,49.9,59.3,2.67,6,si,2026-09-08
BMU-BOD,UCL,10/09/2026,2026-09-10 19:00,Bayern München,Bodø/Glimt,81.2,10.9,7.9,86.1,8.0,6.0,1.11,12.0,16.0,4.5,50.0,70.4,4.67,6,si,2026-09-08
MNU-SAB,UCL,10/09/2026,2026-09-10 19:00,Manchester United,Sabah FK,85.0,10.4,4.6,85.3,10.0,4.7,1.11,9.5,20.0,3.5,50.0,49.1,3.67,6,si,2026-09-08
SEV-VAL,La Liga,11/09/2026,2026-09-11 19:00,Sevilla,Valencia,41.6,27.7,30.7,43.5,29.9,26.6,2.2,3.2,3.6,2.5,43.9,54.4,2.43,7,si,2026-09-08
RAC-ALA,La Liga,12/09/2026,2026-09-12 12:00,Racing Santander,Alavés,40.4,27.3,32.3,39.1,26.8,34.1,2.4,3.5,2.75,2.5,45.9,56.1,2.51,6,si,2026-09-08
OSA-ESP,La Liga,12/09/2026,2026-09-12 14:15,Osasuna,Espanyol,50.9,25.7,23.4,44.9,29.0,26.2,2.1,3.25,3.6,2.5,47.4,55.1,2.57,9,si,2026-09-08
ATH-ELC,La Liga,12/09/2026,2026-09-12 16:30,Athletic Club,Elche,57.0,23.3,19.6,67.0,19.4,13.6,1.42,4.9,7.0,2.5,52.4,56.9,2.77,7,si,2026-09-08
RMA-RAY,La Liga,12/09/2026,2026-09-12 19:00,Real Madrid,Rayo Vallecano,76.2,14.9,8.9,84.2,10.5,5.3,1.12,9.0,18.0,3.5,44.6,56.1,3.42,5,si,2026-09-08
CEL-MAL,La Liga,13/09/2026,2026-09-13 12:00,Celta Vigo,Málaga,56.4,24.8,18.8,55.3,25.3,19.4,1.71,3.75,4.9,2.5,45.8,51.5,2.51,7,si,2026-09-08
LEV-BAR,La Liga,13/09/2026,2026-09-13 14:15,Levante,Barcelona,13.2,16.4,70.4,8.5,12.5,78.9,11.0,7.5,1.19,3.5,51.3,66.4,3.73,5,si,2026-09-08
GET-DEP,La Liga,13/09/2026,2026-09-13 16:30,Getafe,Deportivo La Coruña,44.8,31.0,24.2,39.6,33.3,27.1,2.4,2.85,3.5,1.5,58.2,42.3,1.95,5,si,2026-09-08
RSO-ATM,La Liga,13/09/2026,2026-09-13 19:00,Real Sociedad,Atlético Madrid,29.8,25.3,44.9,33.7,26.2,40.1,2.8,3.6,2.35,2.5,53.4,61.4,2.82,7,si,2026-09-08
VIL-BET,La Liga,14/09/2026,2026-09-14 19:00,Villarreal,Real Betis,46.0,25.0,29.0,49.7,25.0,25.3,1.91,3.8,3.75,2.5,54.0,61.7,2.84,6,si,2026-09-08
AEK-LAS,UCL,08/09/2026,2026-09-08 19:00,AEK Atenas,LASK,56.9,20.2,22.9,54.6,23.8,21.6,1.74,4.0,4.4,3.5,50.0,67.7,3.67,,retro,2026-09-09
BRU-AVL,UCL,08/09/2026,2026-09-08 19:00,Club Brugge,Aston Villa,36.1,26.5,37.5,38.3,26.9,34.8,2.5,3.55,2.75,2.5,49.9,54.5,2.67,,retro,2026-09-09
DOR-VIL,UCL,08/09/2026,2026-09-08 19:00,Borussia Dortmund,Villarreal,62.2,19.0,18.8,53.7,23.7,22.6,1.77,4.0,4.2,3.5,50.0,65.5,3.67,,retro,2026-09-09
POR-MCI,UCL,08/09/2026,2026-09-08 19:00,FC Porto,Manchester City,22.8,24.9,52.4,19.2,23.4,57.5,5.0,4.1,1.67,2.5,49.9,51.7,2.67,,retro,2026-09-09
LIL-BET,UCL,08/09/2026,2026-09-08 19:00,Lille,Real Betis,46.0,25.9,28.1,44.3,27.2,28.4,2.15,3.5,3.35,2.5,49.9,53.5,2.67,,retro,2026-09-09
RMA-INT,UCL,08/09/2026,2026-09-08 19:00,Real Madrid,Internazionale,52.8,20.9,26.3,59.3,21.6,19.0,1.61,4.4,5.0,3.5,50.0,69.0,3.67,,retro,2026-09-09
MX-PUMLEÓ,Liga MX,11/09/2026,2026-09-11 03:05,Pumas UNAM,León,59.7,22.7,17.6,44.5,26.3,29.2,2.1,3.55,3.2,2.5,55.1,56.8,2.88,6,si,2026-09-09
MX-NECPUE,Liga MX,12/09/2026,2026-09-12 01:00,Necaxa,Puebla,52.0,24.2,23.8,46.8,25.7,27.5,2.0,3.65,3.4,2.5,56.9,61.5,2.97,7,si,2026-09-09
MX-ATLPAC,Liga MX,12/09/2026,2026-09-12 03:00,Atlante,Pachuca,34.8,28.2,37.1,31.2,27.1,41.6,3.0,3.45,2.25,2.5,46.1,55.6,2.52,6,si,2026-09-09
MX-TIJQUE,Liga MX,12/09/2026,2026-09-12 03:00,Tijuana,Querétaro,54.6,24.9,20.6,45.6,28.4,26.0,2.05,3.3,3.6,2.5,50.6,55.4,2.7,7,si,2026-09-09
MX-TOLATL,Liga MX,12/09/2026,2026-09-12 23:00,Toluca,Atlas,68.4,19.6,12.0,62.9,21.6,15.5,1.48,4.3,6.0,2.5,57.2,53.1,2.98,6,si,2026-09-09
MX-MONTIG,Liga MX,13/09/2026,2026-09-13 01:10,Monterrey,Tigres UANL,39.8,25.0,35.2,41.3,27.7,31.0,2.25,3.35,3.0,2.5,59.6,65.7,3.09,8,si,2026-09-09
MX-CRUAMÉ,Liga MX,13/09/2026,2026-09-13 03:15,Cruz Azul,América,40.2,27.1,32.7,32.4,27.5,40.1,2.85,3.35,2.3,2.5,50.0,58.5,2.68,7,si,2026-09-09
MX-SANFC ,Liga MX,14/09/2026,2026-09-14 00:00,Santos,FC Juarez,45.6,24.7,29.7,46.3,25.7,28.0,2.0,3.6,3.3,2.5,59.0,64.7,3.06,9,si,2026-09-09
MX-PUETOL,Liga MX,16/09/2026,2026-09-16 01:00,Puebla,Toluca,17.1,21.8,61.1,21.0,22.5,56.6,4.5,4.2,1.67,2.5,58.0,58.6,3.01,8,si,2026-09-09
EPL-AFCBRE,Premier League,12/09/2026,2026-09-12 14:00,AFC Bournemouth,Brentford,42.3,27.4,30.4,38.2,26.5,35.3,2.5,3.6,2.7,2.5,57.4,62.3,2.99,8,si,2026-09-10
EPL-ASTNOT,Premier League,12/09/2026,2026-09-12 14:00,Aston Villa,Nottingham Forest,44.2,29.3,26.5,43.2,27.6,29.2,2.2,3.45,3.25,2.5,48.6,55.0,2.62,9,si,2026-09-10
EPL-CHEHUL,Premier League,12/09/2026,2026-09-12 14:00,Chelsea,Hull City,54.6,24.2,21.2,77.8,14.8,7.4,1.24,6.5,13.0,3.5,40.7,63.5,3.24,2,si,2026-09-10
EPL-CRYIPS,Premier League,12/09/2026,2026-09-12 14:00,Crystal Palace,Ipswich Town,48.2,26.9,24.8,50.0,25.1,24.8,1.91,3.8,3.85,2.5,56.0,60.0,2.93,7,si,2026-09-10
EPL-LIVFUL,Premier League,12/09/2026,2026-09-12 14:00,Liverpool,Fulham,56.7,24.1,19.2,65.8,19.5,14.7,1.45,4.9,6.5,3.5,38.7,61.1,3.15,6,si,2026-09-10
EPL-TOTEVE,Premier League,12/09/2026,2026-09-12 16:30,Tottenham Hotspur,Everton,41.7,29.8,28.4,47.5,26.0,26.4,2.0,3.65,3.6,2.5,47.6,54.7,2.58,7,si,2026-09-10
EPL-SUNARS,Premier League,12/09/2026,2026-09-12 19:00,Sunderland,Arsenal,15.8,27.3,56.8,13.7,21.8,64.5,7.0,4.4,1.49,2.5,44.7,47.0,2.46,6,si,2026-09-10
EPL-COVBRI,Premier League,13/09/2026,2026-09-13 13:00,Coventry City,Brighton & Hove Albion,35.3,29.0,35.7,23.9,25.5,50.5,3.95,3.7,1.87,2.5,52.1,58.8,2.76,4,si,2026-09-10
EPL-MANMAN,Premier League,13/09/2026,2026-09-13 15:30,Manchester United,Manchester City,38.3,26.7,35.1,31.0,24.9,44.0,3.05,3.8,2.15,3.5,38.8,65.4,3.16,7,si,2026-09-10
EPL-LEENEW,Premier League,14/09/2026,2026-09-14 19:00,Leeds United,Newcastle United,42.8,28.9,28.3,39.2,27.7,33.0,2.4,3.4,2.85,2.5,50.9,57.2,2.71,8,si,2026-09-10
ITA-VENFIO,Serie A,11/09/2026,2026-09-11 18:45,Venezia,Fiorentina,41.9,23.8,34.3,31.3,28.5,40.2,2.95,3.25,2.3,2.5,57.3,58.8,2.98,5,si,2026-09-10
ITA-GENFRO,Serie A,12/09/2026,2026-09-12 13:00,Genoa,Frosinone,38.7,25.8,35.4,44.9,28.3,26.7,2.05,3.25,3.45,2.5,48.2,51.8,2.6,6,si,2026-09-10
ITA-LAZAC ,Serie A,12/09/2026,2026-09-12 16:00,Lazio,AC Milan,29.1,27.7,43.2,29.3,29.7,41.0,3.15,3.1,2.25,2.5,39.5,44.2,2.27,10,si,2026-09-10
ITA-ATACAG,Serie A,12/09/2026,2026-09-12 18:45,Atalanta,Cagliari,50.9,24.0,25.1,60.3,23.5,16.2,1.54,3.95,5.75,2.5,51.5,52.3,2.74,7,si,2026-09-10
ITA-LECMON,Serie A,13/09/2026,2026-09-13 13:00,Lecce,Monza,20.7,24.6,54.7,36.6,30.0,33.3,2.5,3.05,2.75,2.5,44.9,45.4,2.47,5,si,2026-09-10
ITA-NAPBOL,Serie A,13/09/2026,2026-09-13 16:00,Napoli,Bologna,44.4,27.0,28.6,53.5,26.2,20.4,1.71,3.5,4.5,2.5,41.8,45.9,2.35,8,si,2026-09-10
ITA-SASJUV,Serie A,13/09/2026,2026-09-13 18:45,Sassuolo,Juventus,17.3,22.2,60.4,18.8,23.9,57.3,4.9,3.85,1.61,2.5,49.4,46.5,2.65,9,si,2026-09-10
ITA-COMPAR,Serie A,14/09/2026,2026-09-14 16:30,Como,Parma,64.9,20.8,14.2,74.7,16.6,8.7,1.22,5.5,10.5,2.5,49.8,44.0,2.66,6,si,2026-09-10
ITA-TORAS ,Serie A,14/09/2026,2026-09-14 16:30,Torino,AS Roma,21.3,23.4,55.3,16.6,23.5,59.9,5.5,3.9,1.53,2.5,50.0,49.5,2.68,9,si,2026-09-10
ITA-INTUDI,Serie A,14/09/2026,2026-09-14 18:45,Internazionale,Udinese,69.9,17.6,12.5,72.4,17.4,10.2,1.26,5.25,9.0,3.5,38.0,50.1,3.12,8,si,2026-09-10
GER-1. SCH,Bundesliga,11/09/2026,2026-09-11 18:30,1. FC Union Berlin,Schalke 04,52.4,22.3,25.3,41.1,26.4,32.5,2.25,3.5,2.85,2.5,63.3,62.3,3.26,4,si,2026-09-10
GER-BORSC ,Bundesliga,12/09/2026,2026-09-12 13:30,Borussia Dortmund,SC Paderborn 07,58.7,20.9,20.4,74.5,15.3,10.2,1.24,6.0,9.0,3.5,41.9,60.6,3.3,2,si,2026-09-10
GER-FC BAY,Bundesliga,12/09/2026,2026-09-12 13:30,FC Augsburg,Bayer Leverkusen,26.8,21.5,51.7,24.0,23.1,53.0,3.85,4.0,1.74,3.5,47.2,66.9,3.54,9,si,2026-09-10
GER-MAIEIN,Bundesliga,12/09/2026,2026-09-12 13:30,Mainz,Eintracht Frankfurt,47.8,22.7,29.5,47.3,24.3,28.4,1.95,3.8,3.25,3.5,42.8,64.6,3.34,9,si,2026-09-10
GER-SC BOR,Bundesliga,12/09/2026,2026-09-12 13:30,SC Freiburg,Borussia Mönchengladbach,48.9,23.6,27.5,55.4,23.1,21.5,1.67,4.0,4.3,3.5,36.7,59.8,3.06,7,si,2026-09-10
GER-TSGVFB,Bundesliga,12/09/2026,2026-09-12 13:30,TSG Hoffenheim,VfB Stuttgart,42.3,22.3,35.5,40.4,24.5,35.1,2.3,3.8,2.65,3.5,47.9,68.9,3.57,9,si,2026-09-10
GER-FC WER,Bundesliga,12/09/2026,2026-09-12 16:30,FC Cologne,Werder Bremen,52.6,22.6,24.9,45.2,25.8,29.0,2.05,3.6,3.2,3.5,39.3,60.8,3.18,7,si,2026-09-10
GER-SV BAY,Bundesliga,13/09/2026,2026-09-13 15:30,SV Elversberg,Bayern Munich,18.0,16.3,65.6,8.3,12.2,79.4,11.0,7.5,1.15,4.5,45.9,74.0,4.46,2,si,2026-09-10
FRA-STAMAR,Ligue 1,11/09/2026,2026-09-11 18:45,Stade Rennais,Marseille,38.3,22.8,38.9,44.5,24.6,30.9,2.15,3.9,3.1,3.5,41.9,62.0,3.3,8,si,2026-09-10
FRA-STRAS ,Ligue 1,12/09/2026,2026-09-12 15:15,Strasbourg,AS Monaco,46.5,23.1,30.4,30.8,25.8,43.4,3.1,3.7,2.2,2.5,60.2,58.1,3.11,7,si,2026-09-10
FRA-AJ NIC,Ligue 1,12/09/2026,2026-09-12 18:45,AJ Auxerre,Nice,42.5,25.6,32.0,37.4,28.0,34.6,2.55,3.4,2.75,2.5,49.4,50.0,2.65,8,si,2026-09-10
FRA-LE ANG,Ligue 1,12/09/2026,2026-09-12 18:45,Le Havre AC,Angers,45.4,26.4,28.3,42.5,29.0,28.5,2.25,3.3,3.35,2.5,44.8,45.7,2.47,10,si,2026-09-10
FRA-LORTOU,Ligue 1,12/09/2026,2026-09-12 18:45,Lorient,Toulouse,42.5,26.0,31.5,36.6,28.8,34.6,2.6,3.3,2.75,2.5,47.5,48.5,2.57,8,si,2026-09-10
FRA-PARLYO,Ligue 1,12/09/2026,2026-09-12 18:45,Paris FC,Lyon,43.8,24.3,31.9,36.0,25.8,38.2,2.65,3.7,2.5,2.5,55.2,54.5,2.89,8,si,2026-09-10
FRA-LILTRO,Ligue 1,13/09/2026,2026-09-13 13:00,Lille,Troyes,57.0,22.0,21.0,68.2,19.3,12.6,1.38,4.9,7.5,2.5,56.5,51.9,2.95,4,si,2026-09-10
FRA-LE LEN,Ligue 1,13/09/2026,2026-09-13 15:15,Le Mans,Lens,23.9,21.7,54.4,20.1,23.1,56.8,4.7,4.1,1.67,2.5,61.7,57.4,3.19,7,si,2026-09-10
FRA-BREPAR,Ligue 1,13/09/2026,2026-09-13 18:45,Brest,Paris Saint-Germain,26.4,22.3,51.3,11.1,15.8,73.1,8.5,6.0,1.29,3.5,39.0,58.0,3.17,5,si,2026-09-10
